name,key
A Little Heart's Ease,G
Angeline the Baker,D
Apple Blossom,Dm
April's Waltz,G
Arkansas Traveler,D
Ashland Breakdown,C
Ashokan Farewell,D
Back Up and Push,C
Bally Desmond Polka,A
Banish Misfortune,D
Banks of the Ohio,E
Banshee,G
Beaumont Rag,D
Big John McNeil,A
Big Mon,A
Big Sandy River,A
Big Sciota,G
Bile 'Em Cabbage Down,A
Bill Cheatham,A
Bill Sullivan's Polka,D
Bill's Dream,G
Billy in the Lowground,C
Birdie,C
Birdland Bounce,Dm
Black Canyon,Gm
Blackberry Blossom,G
Blue Eagle,D
Blue Goose,G
Blue River Waltz,C
Bluegrass Special,A
Bluegrass Stomp,D
Bluegrass Twist,G
Bonaparte Crossing the Rhine,D
Bonaparte Crossing the Rockies,Am
Bonaparte's Retreat,D
Bonnie Kate,D
Boston Boy,C
Boys of Malin,A
Brenda Stubbert's Reel,Am
Breton Gavottes,Am
Brian Boru's March,Am
Brilliancy,A
Britches Full of Stitches,A
Brown County Breakdown,E
Buffalo Gals,C
Bumblebee in a Jug,C
The Butterfly,Em
Cajun Fiddle,A
Cattle in the Cane,A
Cherokee Shuffle,A
Cherokee Trail,Em
Cheyenne,Gm
Chinquapin Hunting,D
Chinquapin Hunting,A
Clinch Mountain Backstep,A
Cluck Old Hen,Am
Cold Frosty Morning,Am
Coleman's March,D
Como Llora Una Estrella,Dm
Concerto for Two Mandolins,G
Connaughtman's Rambles,G
Connie O'Connell's,G
Cooley's Reel,Em
Cottage Groves,D
Cotton Patch Rag,C
Cricket on the Hearth,D
Cripple Creek,A
Crossing the Shannon,D
Cuckoo's Nest,C
Cumberland Mountain Deer Chase,C
Daley's Reel,Bb
Dan Collins' Father's Jig,D
Dawg's Waltz,D
Devil's Dream,A
Diadem,Gm
Dick Gossip's Reel,D
Dixie Hoedown,G
Donaldson Run,G
Done Gone,Bb
Down to the River to Pray,D
Drunk at Night Dry in the Morning,G
Dry and Dusty,D
Duck River,D
Durang's Hornpipe,D
Dusty Miller,Am
Earl's Chair,D
East Tennessee Blues,C
Egan's Polka/Kerry Polka,D
Eighth of January,D
El Morenito,D
Faded Love,D
Fanny Power,G
Farewell to Trion,C
Fiddler's Dram,D
Fiddler's Dream,G
Fine Times at Our House,A
Fire on the Mountain,A
Fireball Mail,G
Fisher's Hornpipe,D
Flannery's Dream,A
Flop Eared Mule,D
Forked Deer,D
Frieze Britches,D
Georgia Stomp,C
Girl I Left Behind Me,G
Girl with the Blue Dress On,C
Gold Mountain Blues,Dm
Gold Rush,A
Golden Eagle Hornpipe,G
Golden Slippers,D
Goodbye Liza Jane,A
Georgia Horseshoe,A
Green Castle Hornpipe,D
Grey Eagle,A
Hangman's Reel / Reel Du Pendu,A
Harvest Home,D
High on the Mountain,G 
High Road,Em
Honky Tonk Swing,C
Hop the Fence,D
Humours of Tulla,G
Hut on Staffin Island,G
I Get My Whiskey From Rockingham,G
Independence,G
Indian Ate a Woodchuck,D
Irish Washerwoman,G
Itzikel / Frailach,?
Jean's Reel,D
Jenny Baker,D
Jenny Lynn,A
Jenny Run Away in the Mud in the Night,A
Jerusalem Ridge,Am
John Brown's March,G
John Leary's Slide,D
Johnny Don't Get Drunk,D
Jolie Blon,G
June Apple,A
Katy Hill,G
Katy Did,C
Kelsterne Gardens,Dm
Kentucky Mandolin,Gm
Kentucky Waltz,D
Kesh Jig,G
Kid on the Mountain,Em
King of the Fairies,Em
Kitchen Girl,Am
La Partida,Bm
Lad O'Beirn's Hornpipe,G
Lark in the Morning,D
Last Night's Fun,A
Leather Britches,G
Liberty,D
Lighthousekeeper's Waltz,G
Lilting Banshee,Am
Little Rabbit,A
Lonesome Moonlight Waltz,F
Long March Through Texas,?
Lost Girl,G
Lost Indian,D
Lost Indian,A
Lucy Farr's,D
Maid Behind the Bar,D
Maiden's Prayer,A
Man From Bundoran,Em
Mason's Apron,A
Maury River Blues,Am
Maydelle's Reel,E
McCoury Blues,E
Methodist Preacher,G
Micko Russell's Slide,D
Midnight on the Water,D
Milford's Reel,D
Miller of Droghan,A
Miller's Reel,A
Misip,D
Miss Macleod's Reel,A
Mississippi Sawyer,D
Mississippi Waltz,F
Moldavian Dance Tune,D
Mon Chere Bebe Creole,?
Money's All Gone,D
Monroe's Hornpipe,A
Morgan Magan,D
Morning Dew,Em
Mouth of the Tobique,G
My Rag,D
New Camptown Races ,Bb
New Century Hornpipe,D
Niel Gow's Lament For His 2nd Wife,D
Oak Ridge Stomp,D
Off to the Races,G
Old Dangerfield,A
Old French,D
Old Joe Clark,A
Old Town,E
Out on the Ocean,G
Over the Road to Maysville,A
Over the Waterfall,G
Over Yonder,G
Pachelbel's Canon (reel style),D
Panhandle Rag,D
Paris Nights,Am
Pig's Foot,G
Planxty Hewlett,D
Planxty Irwin,G
Piney Woods,A
Poor Richard's Blues,Gm
Possum's Tail is Bare,D
Pretty Little Indian,A
Proud Boys of Manassas,?
Queen Of The Rushes,D
Quicksburg Rendezvous,G
Rachael,?
Ragtime Annie,D
Rambling Pitchfork,D
Rawhide,C
Red Haired Boy,A
Red Prairie Dawn,D
Red Wing,G
Remington Ride,G
Road to Columbus,A
Road to Lisdoonvarna,Em
Road to Malvern,A
Roanoke,G
Rolling Ridge,G
Roly Poly,G
Rose In The Heather,D
Saddle the Pony,G
Sail Away Ladies,G
Sailor's Bonnet,D
Sailor's Hornpipe,G
Saint Anne's Reel,D
Sal's Got Mud Between Her Toes,D
Salamanca,D
Sally Gardens,G
Sally Gooden,A
Salt Creek,A
Salt Spring,A
Sandy River Belle,G
Say Darlin' Say,D
Scotland The Brave,D
Seneca Square Dance,G
Shady Grove,Dm
Shenandoah Breakdown,A
Si Bheag Si Mhor,D
Silver Bells,G
Silver Spear,D
Skye Boat Song,G
Slocum Hollow,G
Smash The Windows,D
Snake River Reel,D
Soldier's Joy,D
Spotted Pony,D
Squirrel Heads and Gravy,?
Squirrel Hunters,A
Stoney Lonesome,A
Stoney Point,G
Sugar in the Gourd,A
Swallowtail Jig,Am
Sweet Liza Jane,A
Swinging on a Gate,G
Tam Lin,Dm
Temperance Reel,G
Tenessee Waltz,D
Tennessee Blues,A
Texas Gales,C
Tobin's Favorite,D
Tom Billy's Jig,?
Turkey in the Straw,G
Uncle Herman's Hornpipe,D
Up and Around the Bend,A
Viens Me Chercher,?
Virginia Darlin',A
Walking In My Sleep,G
Waverly,G
Wayfaring Stranger,Gm
Weave and Way,F
West Fork Gals,D
Westphalia Waltz,G
Wheel Hoss,G
Where I Was Last Night,G
Whiskey Before Breakfast,D
Wildwood Flower,C
Woodchopper's Reel,D
Wren,Am
Old Maid of Galway,Bm
Blue Yodel No. 4,A
Down in the Swamp,E
Rocky Road Blues,A
True Life Blues,A
Bandura Waltz,Am
Martin O'Connor's,D
Panhandle Country,C
L&N Railroad Rag,C
